{
  "name": "{{Dataset_Name}}",
  "compatibilityLevel": 1604,
  "model": {
    "name": "{{Dataset_Name}}",
    "culture": "en-US",
    "collation": "Latin1_General_100_BIN2_UTF8",
    "dataAccessOptions": {
      "legacyRedirects": true,
      "returnErrorValuesAsNull": true
    },
    "defaultPowerBIDataSourceVersion": "powerBI_V3",
    "sourceQueryCulture": "en-US",
    "tables": [
      {
        "name": "Dim_Customer",
        "sourceLineageTag": "[Sales].[Dim_Customer]",
        "columns": [
          {
            "name": "CustomerID",
            "dataType": "string",
            "sourceColumn": "CustomerID",
            "sourceProviderType": "varchar",
            "sourceLineageTag": "CustomerID",
            "summarizeBy": "none",
            "annotations": [
              {
                "name": "SummarizationSetBy",
                "value": "Automatic"
              }
            ]
          },
          {
            "name": "CustomerName",
            "dataType": "string",
            "sourceColumn": "CustomerName",
            "sourceProviderType": "varchar",
            "sourceLineageTag": "CustomerName",
            "summarizeBy": "none",
            "annotations": [
              {
                "name": "SummarizationSetBy",
                "value": "Automatic"
              }
            ]
          },
          {
            "name": "FirstName",
            "dataType": "string",
            "sourceColumn": "FirstName",
            "sourceProviderType": "varchar",
            "sourceLineageTag": "FirstName",
            "summarizeBy": "none",
            "annotations": [
              {
                "name": "SummarizationSetBy",
                "value": "Automatic"
              }
            ]
          },
          {
            "name": "LastName",
            "dataType": "string",
            "sourceColumn": "LastName",
            "sourceProviderType": "varchar",
            "sourceLineageTag": "LastName",
            "summarizeBy": "none",
            "annotations": [
              {
                "name": "SummarizationSetBy",
                "value": "Automatic"
              }
            ]
          },
          {
            "name": "EmailAddress",
            "dataType": "string",
            "sourceColumn": "EmailAddress",
            "sourceProviderType": "varchar",
            "sourceLineageTag": "EmailAddress",
            "summarizeBy": "none",
            "annotations": [
              {
                "name": "SummarizationSetBy",
                "value": "Automatic"
              }
            ]
          }
        ],
        "partitions": [
          {
            "name": "{{Partition_Name}}",
            "mode": "directLake",
            "source": {
              "type": "entity",
              "entityName": "Dim_Customer",
              "expressionSource": "DatabaseQuery",
              "schemaName": "Sales"
            }
          }
        ],
        "annotations": [
          {
            "name": "IsTableInBiModel",
            "value": "False"
          }
        ]
      },
      {
        "name": "Dim_Item",
        "sourceLineageTag": "[Sales].[Dim_Item]",
        "columns": [
          {
            "name": "ItemID",
            "dataType": "string",
            "sourceColumn": "ItemID",
            "sourceProviderType": "varchar",
            "sourceLineageTag": "ItemID",
            "summarizeBy": "none",
            "annotations": [
              {
                "name": "SummarizationSetBy",
                "value": "Automatic"
              }
            ]
          },
          {
            "name": "ItemName",
            "dataType": "string",
            "sourceColumn": "ItemName",
            "sourceProviderType": "varchar",
            "sourceLineageTag": "ItemName",
            "summarizeBy": "none",
            "annotations": [
              {
                "name": "SummarizationSetBy",
                "value": "Automatic"
              }
            ]
          }
        ],
        "partitions": [
          {
            "name": "{{Partition_Name}}",
            "mode": "directLake",
            "source": {
              "type": "entity",
              "entityName": "Dim_Item",
              "expressionSource": "DatabaseQuery",
              "schemaName": "Sales"
            }
          }
        ],
        "annotations": [
          {
            "name": "IsTableInBiModel",
            "value": "False"
          }
        ]
      },
      {
        "name": "Fact_Sales",
        "sourceLineageTag": "[Sales].[Fact_Sales]",
        "columns": [
          {
            "name": "CustomerID",
            "dataType": "string",
            "sourceColumn": "CustomerID",
            "sourceProviderType": "varchar",
            "sourceLineageTag": "CustomerID",
            "summarizeBy": "none",
            "annotations": [
              {
                "name": "SummarizationSetBy",
                "value": "Automatic"
              }
            ]
          },
          {
            "name": "ItemID",
            "dataType": "string",
            "sourceColumn": "ItemID",
            "sourceProviderType": "varchar",
            "sourceLineageTag": "ItemID",
            "summarizeBy": "none",
            "annotations": [
              {
                "name": "SummarizationSetBy",
                "value": "Automatic"
              }
            ]
          },
          {
            "name": "SalesOrderNumber",
            "dataType": "string",
            "sourceColumn": "SalesOrderNumber",
            "sourceProviderType": "varchar",
            "sourceLineageTag": "SalesOrderNumber",
            "summarizeBy": "none",
            "annotations": [
              {
                "name": "SummarizationSetBy",
                "value": "Automatic"
              }
            ]
          },
          {
            "name": "SalesOrderLineNumber",
            "dataType": "int64",
            "sourceColumn": "SalesOrderLineNumber",
            "formatString": "0",
            "sourceProviderType": "int",
            "sourceLineageTag": "SalesOrderLineNumber",
            "summarizeBy": "sum",
            "annotations": [
              {
                "name": "SummarizationSetBy",
                "value": "Automatic"
              }
            ]
          },
          {
            "name": "OrderDate",
            "dataType": "dateTime",
            "sourceColumn": "OrderDate",
            "formatString": "General Date",
            "sourceProviderType": "date",
            "sourceLineageTag": "OrderDate",
            "summarizeBy": "none",
            "annotations": [
              {
                "name": "SummarizationSetBy",
                "value": "Automatic"
              }
            ]
          },
          {
            "name": "Quantity",
            "dataType": "int64",
            "sourceColumn": "Quantity",
            "formatString": "0",
            "sourceProviderType": "int",
            "sourceLineageTag": "Quantity",
            "summarizeBy": "sum",
            "annotations": [
              {
                "name": "SummarizationSetBy",
                "value": "Automatic"
              }
            ]
          },
          {
            "name": "TaxAmount",
            "dataType": "double",
            "sourceColumn": "TaxAmount",
            "sourceProviderType": "float",
            "sourceLineageTag": "TaxAmount",
            "summarizeBy": "sum",
            "annotations": [
              {
                "name": "SummarizationSetBy",
                "value": "Automatic"
              },
              {
                "name": "PBI_FormatHint",
                "value": "{\"isGeneralNumber\":true}"
              }
            ]
          },
          {
            "name": "UnitPrice",
            "dataType": "double",
            "sourceColumn": "UnitPrice",
            "sourceProviderType": "float",
            "sourceLineageTag": "UnitPrice",
            "summarizeBy": "sum",
            "annotations": [
              {
                "name": "SummarizationSetBy",
                "value": "Automatic"
              },
              {
                "name": "PBI_FormatHint",
                "value": "{\"isGeneralNumber\":true}"
              }
            ]
          },
          {
            "name": "Year",
            "dataType": "int64",
            "sourceColumn": "Year",
            "formatString": "0",
            "sourceProviderType": "int",
            "sourceLineageTag": "Year",
            "summarizeBy": "sum",
            "annotations": [
              {
                "name": "SummarizationSetBy",
                "value": "Automatic"
              }
            ]
          },
          {
            "name": "Month",
            "dataType": "int64",
            "sourceColumn": "Month",
            "formatString": "0",
            "sourceProviderType": "int",
            "sourceLineageTag": "Month",
            "summarizeBy": "sum",
            "annotations": [
              {
                "name": "SummarizationSetBy",
                "value": "Automatic"
              }
            ]
          }
        ],
        "partitions": [
          {
            "name": "{{Partition_Name}}",
            "mode": "directLake",
            "source": {
              "type": "entity",
              "entityName": "Fact_Sales",
              "expressionSource": "DatabaseQuery",
              "schemaName": "Sales"
            }
          }
        ],
        "annotations": [
          {
            "name": "IsTableInBiModel",
            "value": "False"
          }
        ]
      },
      {
        "name": "staging_salesdata",
        "sourceLineageTag": "[Sales].[staging_salesdata]",
        "columns": [
          {
            "name": "SalesOrderNumber",
            "dataType": "string",
            "sourceColumn": "SalesOrderNumber",
            "sourceProviderType": "varchar",
            "sourceLineageTag": "SalesOrderNumber",
            "summarizeBy": "none",
            "annotations": [
              {
                "name": "SummarizationSetBy",
                "value": "Automatic"
              }
            ]
          },
          {
            "name": "SalesOrderLineNumber",
            "dataType": "int64",
            "sourceColumn": "SalesOrderLineNumber",
            "formatString": "0",
            "sourceProviderType": "int",
            "sourceLineageTag": "SalesOrderLineNumber",
            "summarizeBy": "sum",
            "annotations": [
              {
                "name": "SummarizationSetBy",
                "value": "Automatic"
              }
            ]
          },
          {
            "name": "OrderDate",
            "dataType": "dateTime",
            "sourceColumn": "OrderDate",
            "formatString": "General Date",
            "sourceProviderType": "date",
            "sourceLineageTag": "OrderDate",
            "summarizeBy": "none",
            "annotations": [
              {
                "name": "SummarizationSetBy",
                "value": "Automatic"
              }
            ]
          },
          {
            "name": "CustomerName",
            "dataType": "string",
            "sourceColumn": "CustomerName",
            "sourceProviderType": "varchar",
            "sourceLineageTag": "CustomerName",
            "summarizeBy": "none",
            "annotations": [
              {
                "name": "SummarizationSetBy",
                "value": "Automatic"
              }
            ]
          },
          {
            "name": "EmailAddress",
            "dataType": "string",
            "sourceColumn": "EmailAddress",
            "sourceProviderType": "varchar",
            "sourceLineageTag": "EmailAddress",
            "summarizeBy": "none",
            "annotations": [
              {
                "name": "SummarizationSetBy",
                "value": "Automatic"
              }
            ]
          },
          {
            "name": "Item",
            "dataType": "string",
            "sourceColumn": "Item",
            "sourceProviderType": "varchar",
            "sourceLineageTag": "Item",
            "summarizeBy": "none",
            "annotations": [
              {
                "name": "SummarizationSetBy",
                "value": "Automatic"
              }
            ]
          },
          {
            "name": "Quantity",
            "dataType": "int64",
            "sourceColumn": "Quantity",
            "formatString": "0",
            "sourceProviderType": "int",
            "sourceLineageTag": "Quantity",
            "summarizeBy": "sum",
            "annotations": [
              {
                "name": "SummarizationSetBy",
                "value": "Automatic"
              }
            ]
          },
          {
            "name": "UnitPrice",
            "dataType": "double",
            "sourceColumn": "UnitPrice",
            "sourceProviderType": "float",
            "sourceLineageTag": "UnitPrice",
            "summarizeBy": "sum",
            "annotations": [
              {
                "name": "SummarizationSetBy",
                "value": "Automatic"
              },
              {
                "name": "PBI_FormatHint",
                "value": "{\"isGeneralNumber\":true}"
              }
            ]
          },
          {
            "name": "TaxAmount",
            "dataType": "double",
            "sourceColumn": "TaxAmount",
            "sourceProviderType": "float",
            "sourceLineageTag": "TaxAmount",
            "summarizeBy": "sum",
            "annotations": [
              {
                "name": "SummarizationSetBy",
                "value": "Automatic"
              },
              {
                "name": "PBI_FormatHint",
                "value": "{\"isGeneralNumber\":true}"
              }
            ]
          },
          {
            "name": "Year",
            "dataType": "int64",
            "sourceColumn": "Year",
            "formatString": "0",
            "sourceProviderType": "int",
            "sourceLineageTag": "Year",
            "summarizeBy": "sum",
            "annotations": [
              {
                "name": "SummarizationSetBy",
                "value": "Automatic"
              }
            ]
          },
          {
            "name": "Month",
            "dataType": "int64",
            "sourceColumn": "Month",
            "formatString": "0",
            "sourceProviderType": "int",
            "sourceLineageTag": "Month",
            "summarizeBy": "sum",
            "annotations": [
              {
                "name": "SummarizationSetBy",
                "value": "Automatic"
              }
            ]
          },
          {
            "name": "FirstName",
            "dataType": "string",
            "sourceColumn": "FirstName",
            "sourceProviderType": "varchar",
            "sourceLineageTag": "FirstName",
            "summarizeBy": "none",
            "annotations": [
              {
                "name": "SummarizationSetBy",
                "value": "Automatic"
              }
            ]
          },
          {
            "name": "LastName",
            "dataType": "string",
            "sourceColumn": "LastName",
            "sourceProviderType": "varchar",
            "sourceLineageTag": "LastName",
            "summarizeBy": "none",
            "annotations": [
              {
                "name": "SummarizationSetBy",
                "value": "Automatic"
              }
            ]
          }
        ],
        "partitions": [
          {
            "name": "{{Partition_Name}}",
            "mode": "directLake",
            "source": {
              "type": "entity",
              "entityName": "staging_salesdata",
              "expressionSource": "DatabaseQuery",
              "schemaName": "Sales"
            }
          }
        ],
        "annotations": [
          {
            "name": "IsTableInBiModel",
            "value": "False"
          }
        ]
      }
    ],
    "expressions": [
      {
        "name": "DatabaseQuery",
        "kind": "m",
        "expression": "let\n    database = {{TDS_Endpoint}}\nin\n    database\n"
      }
    ],
    "annotations": [
      {
        "name": "__PBI_TimeIntelligenceEnabled",
        "value": "0"
      },
      {
        "name": "SourceLineageTagType",
        "value": "DatabaseFullyQualifiedName"
      }
    ]
  }
}